page_number,text,stores_embedding
7,"Hướng dẫn Đo Kích Thước Chân
1. Bước 1:
 Đặt tờ giấy trắng bất kỳ xuống nền nhà.
 Đặt chân lên và giữ chân cố định.
2. Bước 2: Sử dụng bút đánh dấu điểm đầu ngón chân và cuối gót chân.
3. Bước 3:. Dùng thước đo chiều dài bàn chân từ hai điểm vừa tạo
4. Bước 4: Đối chiếu với bảng bên cạnh để chọn size giày phù hợp
Bảng Kích Thước Giày
BẢNG SIZE NỮ (Kích thước cho Nữ)
CHÂN (CM) SIZE
22,5 35
23 36
23,5 37
24 38
24,5 39
BẢNG SIZE NAM (Kích thước cho Nam)
CHÂN (CM) SIZE
24 38
24,5 39
25 40
25,5 41
26 42
26,5 43","[[-0.0460343211889267, -0.07282079756259918, -0.1480293869972229, 0.1514388620853424, 0.1790386587381363, 0.07286343723535538, -0.053488850593566895, -0.25444743037223816, -0.30089494585990906, -0.5117062330245972, 0.10851946473121643, -0.3853111267089844, 0.07880359143018723, 0.05864737182855606, 0.15625180304050446, 0.09700948745012283, -0.13747543096542358, 0.04155633598566055, 0.3471522629261017, -0.06610284745693207, 0.06525722146034241, 0.609645664691925, -0.28293541073799133, 0.4914730191230774, -0.09865006804466248, -0.22051113843917847, 0.016824377700686455, -0.02861969545483589, 0.11673513054847717, 0.030794553458690643, 0.1413801908493042, -0.35735294222831726, -0.08982532471418381, -0.32469722628593445, 0.049948468804359436, -0.3202843964099884, -0.3415831923484802, -0.0036014250945299864, -0.1757061630487442, -0.3226519823074341, 0.26105502247810364, 0.017138613387942314, 0.08690779656171799, -0.6052417159080505, -0.2673654854297638, 0.035418976098299026, 0.18544386327266693, -0.5296146869659424, -0.01786929927766323, 0.02349673956632614, -0.2850973308086395, -0.32686957716941833, 0.6002058982849121, -0.014704099856317043, -0.21695683896541595, 0.007103030104190111, 0.014126854948699474, -0.313827246427536, 0.2066166251897812, 0.19600634276866913, 0.2166723757982254, -0.04397960379719734, -0.4132207930088043, -0.15648353099822998, 0.311848908662796, 0.3119209110736847, -0.1611688733100891, 0.2817831337451935, -0.033705733716487885, 0.3343009650707245, 0.087257981300354, 0.7161451578140259, -0.08233568072319031, -0.23897217214107513, -0.3680588901042938, 0.7857264876365662, -0.22636742889881134, -0.07737615704536438, 0.3034941852092743, -0.40227606892585754, 0.004979713354259729, 0.6897382140159607, 0.006854206323623657, 0.18925251066684723, 0.03709356114268303, 0.5526050329208374, -0.587962806224823, 0.08380457758903503, 0.6155868768692017, -0.11662137508392334, -0.15746209025382996, 0.8516334891319275, 0.022974414750933647, 0.5244124531745911, -0.07476375252008438, -0.24821476638317108, 0.192498117685318, -0.22821050882339478, -0.022731633856892586, -0.310387521982193, -0.28233179450035095, 0.3758974075317383, 0.1647372543811798, 0.36530065536499023, 0.3697485029697418, 1.0590051412582397, 0.27576273679733276, 0.06230325996875763, 0.0839952901005745, 0.004748344421386719, -0.0203261598944664, -0.010640435852110386, 0.40021654963493347, 0.35142698884010315, -0.6100027561187744, 0.18429960310459137, -0.014695272780954838, 0.21147899329662323, 0.15083326399326324, -0.3166273236274719, -0.13748382031917572, -0.20174512267112732, 0.23570117354393005, 0.20989041030406952, 0.13944648206233978, -0.30259469151496887, -0.06049352511763573, 0.2670789957046509, -0.5478642582893372, 0.13598230481147766, 0.13719642162322998, 0.285468190908432, 0.17757129669189453, -0.1078014150261879, 0.11672206223011017, -0.21377749741077423, -0.35995152592658997, -0.07739656418561935, -0.11069632321596146, 0.11703035235404968, -0.02512425370514393, 0.09275124222040176, -0.7223967909812927, 0.08989114314317703, 0.16713064908981323, 0.3177078366279602, -0.25348538160324097, 0.028918277472257614, -0.18815870583057404, -0.15753060579299927, 0.31522223353385925, -0.1108720526099205, 0.07168896496295929, -0.2728893458843231, -0.30907559394836426, 0.1969873458147049, 0.5612111687660217, 0.08499650657176971, 0.01487214770168066, 0.03830873966217041, -0.22840839624404907, 0.09895029664039612, -0.20700454711914062, 0.3668307065963745, 0.3628646731376648, -0.044223934412002563, -0.07026929408311844, -0.027763599529862404, 0.43709784746170044, -0.2012036293745041, -0.033901434391736984, -0.14316163957118988, 0.3493942618370056, 0.36789408326148987, 0.8208849430084229, 0.05314512550830841, 0.7500180602073669, 0.4795157313346863, 0.19092202186584473, 0.16880467534065247, 0.0707993134856224, -0.3240811228752136, -0.12838701903820038, 0.25560715794563293, -0.15337952971458435, -0.43804284930229187, 0.17966295778751373, -0.113264299929142, 0.1435011923313141, 0.050189435482025146, 0.007222132291644812, 0.4791516959667206, -0.22468514740467072, 0.2317345142364502, -0.1396564096212387, -0.055647946894168854, -0.15884695947170258, -0.15635819733142853, 0.0435982272028923, 0.08629125356674194, 0.8071550130844116, 0.5825541615486145, -0.167643204331398, -0.328957200050354, 0.1456465870141983, 0.06373319029808044, 0.2791436016559601, 0.18633383512496948, 0.2609627842903137, -0.9313571453094482, 0.10702905058860779, 0.254208505153656, 0.22853675484657288, 0.3674899935722351, -0.5475959777832031, 0.5946935415267944, 0.04674096405506134, -0.027639158070087433, -0.1511036604642868, 0.18488740921020508, 0.036155324429273605, 0.33095911145210266, 0.04748213663697243, 0.0028041480109095573, 0.029168369248509407, 0.17615963518619537, 0.4708043336868286, 0.3717690408229828, 0.7181311249732971, -0.18484555184841156, -0.25772836804389954, 0.08655552566051483, 0.24965153634548187, -0.6332911849021912, 0.3810431659221649, -0.20507998764514923, 0.3800409138202667, -0.18290576338768005, -0.5536298751831055, 0.16141189634799957, 0.11918982863426208, -0.010386215522885323, 0.9560791254043579, 0.24971424043178558, 0.07511387765407562, -0.08882835507392883, -0.30855873227119446, -0.028821295127272606, 0.8747789859771729, 0.49657490849494934, 0.1514737904071808, -0.22374987602233887, 0.13649417459964752, -0.07767719775438309, 0.1103108823299408, -0.15360566973686218, 0.27084028720855713, -0.46685540676116943, 0.12507419288158417, 0.007188759744167328, -0.038132235407829285, 0.12068115919828415, -0.09757775813341141, -0.4023900032043457, -0.0013192574260756373, 0.31148064136505127, -0.2854103446006775, -0.06290197372436523, -0.0008473267662338912, 0.1398274004459381, -0.4061885178089142, -0.3989050090312958, -0.5517624020576477, -0.04691652953624725, -0.34228888154029846, -0.0021121895406395197, -0.5477766394615173, 0.03971731290221214, -0.06812863796949387, 0.0696958377957344, -0.32455724477767944, 0.15983222424983978, 0.03312704712152481, 0.4349765479564667, 0.0069252680987119675, 0.07400967180728912, 0.18221662938594818, 0.0032070158049464226, 0.290214478969574, -0.13282901048660278, -0.391509085893631, -0.16612227261066437, -0.20504823327064514, 0.26404836773872375, 0.062312591820955276, -0.9322107434272766, 0.2681487500667572, 0.01748112216591835, -0.2832900285720825, -0.11746300011873245, 0.06629324704408646, 0.03311595320701599, 0.03992290794849396, -0.10029318183660507, 0.363070547580719, -0.07517468929290771, 0.41478344798088074, 0.3997626006603241, -0.04864025115966797, -0.32162073254585266, -0.7026480436325073, 0.02440328523516655, 0.06725125759840012, 0.011840769089758396, -0.2067587524652481, 0.7924344539642334, 0.4362261891365051, 0.124385766685009, -0.19781745970249176, -0.20471356809139252, -0.12441974133253098, 0.07492388039827347, 0.18880902230739594, -0.024912584573030472, -0.04909088462591171, 0.12776227295398712, -0.2754766345024109, 0.17850393056869507, -0.6533185839653015, 0.18907231092453003, -0.3911789059638977, 0.26859405636787415, -0.18106037378311157, 0.3560558259487152, 0.37753772735595703, 0.025086676701903343, 0.3936973810195923, 0.30518800020217896, 0.0284588560461998, 0.28677433729171753, -0.18509317934513092, -0.13620883226394653, -0.47671759128570557, 0.37700214982032776, 0.17626719176769257, -0.3269388973712921, -0.46865013241767883, -0.39648571610450745, 0.33566805720329285, 0.045213475823402405, -0.9832748770713806, 0.4652102589607239, -0.06042452156543732, 0.24730299413204193, 0.32602789998054504, -0.2025892585515976, -0.0004271959769539535, -0.03826476261019707, 0.020359354093670845, 0.18784846365451813, 0.9296560883522034, 0.14743275940418243, -0.4274531304836273, 0.3706912696361542, -0.6252885460853577, -0.20568536221981049, 0.17712074518203735, -0.6088751554489136, -0.6412819027900696, 0.357561856508255, 0.35135653614997864, -0.001627315185032785, 0.4318498373031616, -0.03746070712804794, 0.04564858600497246, 0.2694344222545624, 0.021273383870720863, 0.26602789759635925, 0.1480073481798172, 0.1384069323539734, 0.10806820541620255, 0.11912062764167786, -0.33732542395591736, -0.8551378846168518, 0.07968712598085403, -0.1518700271844864, 0.17690132558345795, -0.3418057858943939, -0.06650906056165695, -0.10690901428461075, 0.2323036640882492, -0.12593375146389008, -0.3716917932033539, 0.2922845482826233, 0.23162049055099487, 0.09648288041353226, 0.3033615052700043, 0.008204991929233074, 0.20083756744861603, -0.24017596244812012, 0.353769987821579, 0.6001411080360413, -0.21027380228042603, 0.8036133050918579, -0.345946729183197, -0.5344305634498596, -0.16647133231163025, 0.5371285080909729, -0.2749079465866089, -0.3090307414531708, 0.14179721474647522, 0.20624099671840668, -0.03278614580631256, 0.2531736493110657, 0.3120146095752716, 0.007222285494208336, 0.10060406476259232, 0.018844639882445335, 0.25279882550239563, 0.32243654131889343, 0.07894350588321686, -0.4893895089626312, 0.2106417715549469, 0.19934025406837463, 0.6397898197174072, -0.3131803274154663, -0.3092806041240692, 0.0045979018323123455, 0.2590021789073944, 0.220116525888443, 0.11408805847167969, -0.1765693724155426, 0.28828033804893494, -0.05647536739706993, 0.42659416794776917, -0.18042467534542084, -0.39185744524002075, 0.20949965715408325, 0.07947921007871628, 0.15261712670326233, 0.2224084883928299, 0.0038728266954421997, 0.014397844672203064, 0.3954458236694336, -0.3916838467121124, 0.008670731447637081, 0.7151402831077576, 0.00437966687604785, 0.037659239023923874, 0.519334614276886, -0.8463892340660095, 0.13951121270656586, 0.4973982870578766, -0.09989462047815323, -0.714931309223175, -0.13583992421627045, -0.07106471061706543, 0.3537970781326294, -0.08960197865962982, 0.4142431914806366, 0.47184687852859497, 0.057661425322294235, 0.3307541608810425, 0.25381892919540405, 0.37529438734054565, 0.1495583951473236, -0.34818851947784424, -0.060674265027046204, 0.23156867921352386, 0.3390105664730072, 0.32609838247299194, 0.17590953409671783, -0.2731644809246063, -0.2827121615409851, 0.2153088003396988, 0.2625715434551239, 0.532567024230957, -0.3618223965167999, -0.530406653881073, -0.619910478591919, -0.1958962082862854, -0.5118046402931213, -0.6666479110717773, 0.30029797554016113, 0.17039775848388672, 0.18970750272274017, 0.10915351659059525, -0.1542738527059555, 0.6190252900123596, 0.31012776494026184, 0.23942208290100098, 0.12971502542495728, 0.4867284893989563, -0.5315224528312683, -0.06857240945100784, 0.12112445384263992, 0.2152460515499115, 0.06529701501131058, -0.39444610476493835, 0.014620501548051834, -0.43667224049568176, 0.1085929200053215, -0.45356491208076477, 0.31245386600494385, 0.38670024275779724, -0.4441220164299011, -0.1642693430185318, 0.44271376729011536, 0.329645574092865, -0.31322169303894043, 0.24129806458950043, 0.41187572479248047, -0.42252424359321594, -0.021877381950616837, -0.621388852596283, -0.07496839016675949, -0.3517817258834839, 0.09111935645341873, -0.09353118389844894, 0.26882150769233704, -0.40012386441230774, -0.22971826791763306, 0.23351925611495972, -0.20578742027282715, -0.2278217226266861, 0.276882529258728, 0.25367268919944763, 0.23767141997814178, 0.42663365602493286, 0.06877890974283218, -0.13225926458835602, -0.14494726061820984, 0.06678715348243713, -0.12839800119400024, -0.061884187161922455, 0.3074047565460205, 0.20457495748996735, -0.2690122127532959, 0.3240296542644501, 0.03365647792816162, -0.34511280059814453, 0.5935688614845276, -0.26965633034706116, 0.048447135835886, 0.042752355337142944, -0.07595003396272659, 0.5674516558647156, 0.2812909483909607, 0.3575285077095032, 0.2924291789531708, -0.10668691992759705, 0.6385084390640259, -0.049021195620298386, -0.38505133986473083, 0.12098378688097, 0.4841543138027191, -0.3226671516895294, 0.22715196013450623, 0.05573008209466934, -0.8201106786727905, 0.2668219804763794, -0.18504533171653748, -0.2017417550086975, -0.2624894380569458, -0.1601792275905609, 0.06965135782957077, 0.3812968134880066, -0.08724581450223923, 0.07563962042331696, -0.24993659555912018, 0.09032125771045685, -0.6597958207130432, -0.03428618982434273, -0.06043662875890732, 0.2214902937412262, 0.061984989792108536, -0.30747687816619873, 0.27289414405822754, 0.33206707239151, 0.22270965576171875, -0.19299255311489105, -0.0994100347161293, 0.25153329968452454, 0.09767666459083557, -0.18234461545944214, -0.022874293848872185, -0.0024119168519973755, 0.852459728717804, -0.34350237250328064, -0.1630086749792099, 0.15737226605415344, -0.3078017830848694, -0.4256267845630646, 0.14403045177459717, 0.6320719122886658, 0.29522374272346497, -0.07833868265151978, -0.15830367803573608, 0.26703980565071106, 0.23019157350063324, 0.31396448612213135, -0.22891779243946075, -0.09443099796772003, 0.1652674674987793, 0.11510536074638367, -0.10162071883678436, -0.2738378942012787, -0.10351243615150452, -0.07624096423387527, -0.25459882616996765, 0.1396092027425766, -0.5712748765945435, -0.17230898141860962, -0.22188563644886017, 0.03695612773299217, 0.14175672829151154, -0.3284229338169098, -0.45781049132347107, -0.4606285095214844, 0.21771837770938873, -0.06017420440912247, -0.028971325606107712, -0.18021699786186218, -0.2244051843881607, 0.26302072405815125, 0.02932652086019516, -0.1319189965724945, 0.17572268843650818, 0.40311506390571594, 0.17045509815216064, 0.643851637840271, 0.5931217074394226, 0.18830110132694244, -0.15851923823356628, -0.25745269656181335, -0.24931159615516663, -0.15809769928455353, -0.04298882931470871, 0.45629432797431946, 0.2926459014415741, -0.33624380826950073, -0.12801244854927063, 0.5964943766593933, 0.03250080719590187, -0.23407186567783356, -0.07127216458320618, -0.22863279283046722, 0.03082042746245861, 0.5740636587142944, 0.10311822593212128, -0.18827486038208008, -0.1640866994857788, 0.35690680146217346, 0.052218519151210785, 0.0561123862862587, -0.26114344596862793, -0.09304282814264297, 0.761836051940918, 0.036411352455616, 0.43944045901298523, -0.016512945294380188, -0.16677141189575195, -0.24782918393611908, -0.14665961265563965, 0.06887219846248627, 0.26606807112693787, 0.20465044677257538, 0.10409333556890488, 0.5005436539649963, 0.3691708445549011, 0.09864330291748047, -0.5283964276313782, 0.3021341562271118, 0.5623189210891724, -0.8568543791770935, -0.4145839810371399, 0.4498657286167145, 0.049151841551065445, -0.18147900700569153, -0.05898141860961914, -0.2513492703437805, 0.1564314067363739, 0.18299297988414764, -0.14010484516620636, 0.3751794099807739, -0.17162881791591644, 0.12671007215976715, -0.25250422954559326, -0.16446365416049957, -0.30472713708877563, -0.09758927673101425, -0.25614267587661743, 0.26436835527420044, 0.3297014832496643, -0.183128222823143, 0.0591738186776638, 0.16503576934337616, -0.06330661475658417, -0.07426214963197708, -0.21195778250694275, 0.6250317096710205, 0.5075186491012573, 0.22481170296669006, -0.2151431441307068, 0.35430651903152466, 0.37251803278923035, 0.547327995300293, -0.03635383024811745, -0.47175684571266174, 0.32417911291122437, 0.31914636492729187, 0.007463520392775536, -0.12055881321430206, 0.32905113697052, 0.3658559024333954, -0.11122829467058182, 0.04555710405111313, -0.18649743497371674, -0.7499592304229736, 0.1768682897090912, -0.6024407744407654, 0.15134380757808685, -0.16089527308940887, -0.22765421867370605, 0.06351988762617111, 0.4641779661178589, -0.177435964345932, -0.14114156365394592, -0.118140310049057, 0.05045245960354805, -0.20736785233020782, -0.1134520098567009, -0.051689740270376205, 0.026432929560542107, -0.08417031168937683, -0.02021142654120922, -0.021370651200413704, 0.08023474365472794, -0.2684173882007599, 0.026298142969608307, 0.5818493366241455, 0.31503933668136597, -0.06622288376092911, 0.3683997094631195, 0.16010917723178864, -0.28463658690452576, 0.01997356116771698, 0.03502245619893074, -0.31617051362991333, 0.21672381460666656, 0.20897893607616425, -0.41510745882987976, 0.21080175042152405, -0.07497424632310867, 0.2905519902706146, 0.195926234126091, 0.29671216011047363, 0.37954166531562805, 0.5624715089797974, 0.06609326601028442, 0.5546780228614807, -0.07203607261180878, -0.178880512714386, 0.24371708929538727, 0.276549369096756, 0.2444038987159729, -0.22877049446105957, 0.5816080570220947]]"
8,"BẢNG SIZE TRẺ EM (Kích thước cho Trẻ Em)
CHÂN (CM) SIZE
16 26
16,5 27
17,5 28
18 29
18,5 30
19,5 31
CHÂN (CM) SIZE
20 32
20,5 33
21,5 34
22,5 35
23 36
23,5 37","[[-0.018737465143203735, 0.1488891988992691, 0.11738909035921097, 0.20642916858196259, -0.12152042984962463, 0.03349779173731804, 0.6120154857635498, -0.009255660697817802, -0.4273601472377777, -0.1716248244047165, 0.0529661700129509, -0.5855932831764221, 0.3752850294113159, 0.519510805606842, 0.24928630888462067, -0.3069918155670166, -0.2541636824607849, 0.08339027315378189, 0.18667376041412354, -0.5197925567626953, -0.06744075566530228, 0.21106421947479248, 0.41646409034729004, 0.11984333395957947, -0.20140168070793152, 0.040449876338243484, -0.012446685694158077, 0.04338901862502098, 0.049306754022836685, -0.11666665971279144, 0.471230149269104, -0.2711244523525238, 0.2997111976146698, -0.2732228934764862, -0.14694049954414368, -0.9187508225440979, -0.06733609735965729, 0.3382042348384857, 0.3331809639930725, 0.21704372763633728, 0.08593305200338364, -0.20791193842887878, -0.19963036477565765, -0.48241445422172546, -0.258158415555954, -0.036690108478069305, 0.3522924482822418, -0.24159076809883118, -0.33930644392967224, -0.09882329404354095, -0.15997907519340515, 0.2817881405353546, 0.5481429696083069, -0.03698364272713661, -0.3495209813117981, -0.4329809844493866, 0.0563410185277462, -0.23768599331378937, 0.24094508588314056, 0.20515026152133942, 0.23685434460639954, -0.5402950048446655, -0.543779194355011, 0.13964016735553741, 0.29942938685417175, 0.21865904331207275, -0.06908191740512848, -0.02804034948348999, 0.13436062633991241, -0.25863349437713623, -0.07359018176794052, 0.5376963019371033, -0.2984451353549957, 0.14126917719841003, -0.12998101115226746, 0.5904307961463928, -0.025187518447637558, 0.039456967264413834, -0.07522609084844589, 0.03003418631851673, 0.41409674286842346, 0.10599487274885178, 0.0969364270567894, -0.03907090798020363, 0.22238487005233765, 0.49859800934791565, 0.20459726452827454, 0.09067483246326447, 0.07440649718046188, -0.22532925009727478, 0.28272777795791626, 0.14899781346321106, -0.02343439683318138, 0.34361305832862854, 0.06080207601189613, -0.27107444405555725, 0.07423260062932968, -0.7221209406852722, -0.38652774691581726, 0.05309997498989105, 0.06894389539957047, 0.33752158284187317, 0.33212292194366455, 0.11089952290058136, 0.297178715467453, 0.7542747259140015, 0.4016928970813751, 0.1495596319437027, -0.04223157837986946, 0.4425853192806244, -0.03258761763572693, -0.01727658323943615, 0.20966508984565735, 0.10487174242734909, 0.07907727360725403, 0.15032348036766052, 0.26924774050712585, 0.04989168047904968, 0.2179236263036728, -0.06660255789756775, 0.05749136954545975, 0.29733404517173767, -0.07379800826311111, -0.2939751446247101, 0.5536774396896362, 0.09130629897117615, -0.1657148003578186, 0.40931007266044617, -0.35440778732299805, 0.1394287347793579, -0.0012644684175029397, -0.03276117891073227, 0.16553489863872528, 0.13163714110851288, 0.041629575192928314, 0.06766310334205627, -0.2940032184123993, -0.2273416668176651, 0.37927722930908203, -0.1441994458436966, 0.04917844012379646, 0.04374973475933075, 0.03906930238008499, 0.7245876789093018, -0.09896388649940491, -0.31780070066452026, 0.11322280764579773, 0.17713917791843414, -0.5013601779937744, 0.09970025718212128, 0.6402585506439209, 0.15599635243415833, 0.2813991904258728, -0.1267716884613037, 0.10822141170501709, 0.020889779552817345, -0.14604221284389496, -0.0733068659901619, 0.036939747631549835, -0.21160303056240082, 0.3350503444671631, 0.2243465781211853, -0.3118603825569153, 0.2468109130859375, 0.3276747167110443, -0.07714147120714188, 0.09884598851203918, 0.021110868081450462, 0.15361455082893372, -1.0044993162155151, -0.5833966135978699, 0.5300281047821045, -0.005535417702049017, 0.16286325454711914, 0.261406272649765, 0.11724140495061874, 0.09611490368843079, 0.122337706387043, 0.005700224079191685, 0.2125912457704544, 0.1748451143503189, -0.3732430338859558, -0.029898276552557945, 0.41298922896385193, 0.41674545407295227, -0.26261743903160095, 0.06877405196428299, 0.015412146225571632, 0.4805692136287689, 0.06730573624372482, -0.07667826116085052, -0.43976497650146484, -0.2992479205131531, -0.06488347053527832, -0.24851122498512268, -0.003796290373429656, -0.3269185721874237, 0.04338310286402702, -0.1750655621290207, -0.425263911485672, 0.05206535756587982, 0.629322350025177, 0.2885530889034271, -0.7926161289215088, 0.019679425284266472, 0.3001251816749573, -0.20464643836021423, -0.4101558327674866, 0.38150396943092346, -0.3511608839035034, 0.16295228898525238, 0.7753238677978516, 0.2987440526485443, -0.3614480197429657, 0.16780108213424683, 0.24922408163547516, 0.1857929825782776, 0.31274789571762085, -0.26695653796195984, -0.006135338917374611, 0.06947387009859085, 0.37681129574775696, 0.2334153652191162, 0.11416873335838318, 0.08300212770700455, -0.26692715287208557, 0.34991058707237244, -0.3978421986103058, 0.3268411457538605, 0.058057039976119995, -0.6569032073020935, -0.38965263962745667, -0.1287020891904831, 0.08277343958616257, -0.21820782124996185, -0.42314234375953674, 0.241310253739357, -0.20759336650371552, -0.16128388047218323, -0.11638496071100235, -0.3136611580848694, -0.23593434691429138, 0.45850715041160583, 0.017524251714348793, 0.01752989925444126, 0.013585686683654785, -0.264850378036499, 0.025912433862686157, 0.46941864490509033, 0.5387949347496033, -0.2729848623275757, 0.21041953563690186, 0.02359500341117382, 0.24914982914924622, 0.41622206568717957, 0.017289595678448677, 0.250230073928833, 0.11243491619825363, 0.19168324768543243, -0.2657548487186432, 0.426932156085968, -0.19115303456783295, 0.31811705231666565, -0.021066781133413315, -0.0531705766916275, 0.271639883518219, 0.49864906072616577, 0.27041366696357727, -0.18860305845737457, 0.32750293612480164, -0.5425006747245789, 0.14328277111053467, -0.5963940620422363, -0.09313458949327469, 0.17114803194999695, -0.06302516907453537, 0.2737566828727722, -0.25075605511665344, -0.40914618968963623, -0.09863688051700592, -0.17958207428455353, 0.06122444197535515, -0.1411702185869217, 0.031186439096927643, -0.2208874672651291, -0.15682411193847656, 0.4759047031402588, -0.02963540330529213, 0.3561055064201355, 0.16949911415576935, -0.1893976777791977, -0.3692156970500946, -0.5912094712257385, -0.30638357996940613, 0.11464184522628784, -0.4047987759113312, 0.3041667938232422, -0.19404146075248718, -0.006820959970355034, 0.1557253748178482, -0.014327216893434525, -0.3193979859352112, 0.404420405626297, 0.1957932859659195, -0.12537020444869995, -0.08429175615310669, -0.07445493340492249, 0.37380069494247437, 0.09598888456821442, 0.05277935042977333, 0.0070716883055865765, -0.20692451298236847, 0.39950865507125854, 0.3797382712364197, 0.24724070727825165, 0.16520310938358307, -0.4176923334598541, 0.20771415531635284, 0.29445451498031616, -0.22952501475811005, -0.46885767579078674, 0.04733209311962128, -0.32287582755088806, 0.352836549282074, -0.3644498586654663, -0.12635619938373566, 0.0052662682719528675, 0.7286675572395325, -0.5943000912666321, 0.20646989345550537, -0.07205456495285034, 0.31151440739631653, -0.012683259323239326, 0.15905168652534485, -0.15999986231327057, 0.05548460781574249, 0.060731083154678345, -0.12364169955253601, 0.294803649187088, 0.8078955411911011, -0.23605477809906006, 0.19082364439964294, -0.5870614647865295, 0.2339630424976349, -0.026385994628071785, -0.6347843408584595, 0.10121765732765198, -0.1569368839263916, 0.3990401327610016, -0.42492374777793884, -0.22488005459308624, 0.41953909397125244, -0.06459838896989822, 0.43291187286376953, 0.5395035147666931, 0.0527447946369648, -0.13588839769363403, -0.213984414935112, 0.2504603862762451, 0.36745160818099976, 0.589138388633728, -0.1947782039642334, -0.4576248526573181, 0.2904120087623596, 0.0008370792493224144, -0.08163934201002121, 0.27640464901924133, -0.393543541431427, -0.11448000371456146, -0.3312087953090668, -0.24996523559093475, 0.14386744797229767, 0.22244581580162048, -0.00284177390858531, 0.03838072717189789, 0.25217729806900024, 0.3832305073738098, 0.05408632382750511, -0.035580456256866455, 0.6070003509521484, 0.05013980343937874, -0.07688967883586884, -0.049945101141929626, 0.114679254591465, 0.10662679374217987, 0.12329195439815521, 0.2282189428806305, -0.07391370832920074, 0.1665206104516983, 0.08557279407978058, -0.11974232643842697, 0.37825313210487366, -0.19083638489246368, -0.14783026278018951, -0.41992446780204773, 0.2779023051261902, 0.40288040041923523, -0.15776053071022034, -0.3244810104370117, -0.0727451741695404, 0.5895478129386902, -0.35048991441726685, 0.18070000410079956, 0.5853037238121033, 0.6147861480712891, -0.45609933137893677, -0.20834758877754211, 0.3215314447879791, -0.1626862734556198, -0.19626805186271667, -0.3697395324707031, 0.9817001819610596, -0.0050690192729234695, 0.09076303988695145, 0.1007196381688118, -0.10327176004648209, 0.26466280221939087, 0.22837631404399872, -0.06014784425497055, -0.10895270109176636, 0.05195952579379082, -0.4235030710697174, -0.24016283452510834, 0.28307557106018066, 0.2325686663389206, 0.5175859332084656, -0.126468226313591, -0.03727905452251434, 0.3291681706905365, 0.29580798745155334, -0.05519527569413185, -0.376091867685318, -0.09889695048332214, 0.04018346965312958, -0.06334089487791061, 0.7433503866195679, -0.3933013081550598, 0.37847068905830383, -0.07470734417438507, -0.3036530315876007, -0.025286251679062843, -0.4813450574874878, -0.1854190081357956, -0.1782524436712265, -0.30405497550964355, 0.18848109245300293, 0.07509640604257584, -0.22970731556415558, 0.8111662864685059, 0.3579290807247162, -0.34901347756385803, -0.06053604930639267, 0.614096999168396, 0.26249992847442627, -0.22603653371334076, 0.16506940126419067, 0.15345841646194458, -0.21107043325901031, 0.088421531021595, 0.5174664258956909, -0.23586173355579376, -0.12622521817684174, 0.2464761584997177, 0.014251470565795898, 0.23364464938640594, 0.3395845592021942, -0.2027895748615265, 0.07204358279705048, 0.3176192045211792, 0.07036293298006058, -0.10686228424310684, 0.2526557147502899, 0.04631424695253372, 0.08814741671085358, 0.34314873814582825, -0.0727921575307846, 0.34940963983535767, -0.18848997354507446, 0.16827982664108276, 0.27649182081222534, 0.020958926528692245, -0.0031718742102384567, 0.031307000666856766, 0.4709721505641937, 0.3094292879104614, -0.04624507576227188, -0.1019253060221672, -0.6245055198669434, 0.44587209820747375, 0.11323461681604385, 0.4732891619205475, -0.44045835733413696, 0.1523158848285675, -0.6285904049873352, -0.3667307496070862, -0.16211320459842682, -0.28026968240737915, -0.2855514883995056, -0.04560588672757149, -0.5560663342475891, -0.015583387576043606, -0.061883825808763504, 0.006699474062770605, 0.26763975620269775, -0.10879293829202652, -0.4177969694137573, 0.2809370160102844, 0.10556859523057938, -0.015765072777867317, 0.3865642249584198, -0.05155482143163681, -0.03394569829106331, 0.0010618370724841952, 0.33301299810409546, -0.35209915041923523, -0.06910586357116699, -0.7620367407798767, 0.08511197566986084, 0.40111735463142395, -0.3543531000614166, -0.06329681724309921, -0.14100085198879242, -0.26020148396492004, -0.14580610394477844, 0.01270243525505066, 0.03909068554639816, 0.4466259479522705, -0.012761341407895088, 0.2822538912296295, -0.041200943291187286, -0.34903684258461, -0.3961567282676697, -0.09258081018924713, 0.5953826904296875, -0.05138670653104782, 0.0567128024995327, 0.11112463474273682, -0.11356320232152939, -0.3156542181968689, -0.6950149536132812, 0.034171223640441895, -0.1619861125946045, -0.2632938325405121, -0.1616905778646469, -0.44184693694114685, 0.6736683249473572, 0.9800205230712891, 0.32723021507263184, 0.4757746160030365, 0.46326005458831787, 0.12061726301908493, 0.21672792732715607, 0.07740101963281631, 0.047757621854543686, 0.5578657388687134, -0.1291266232728958, -0.8376211524009705, 0.20660066604614258, -0.15319475531578064, -0.5253487825393677, 0.3488280177116394, -0.0535438172519207, 0.6692537069320679, -0.39802974462509155, -0.043412093073129654, 0.320719450712204, 0.11240199953317642, -0.05272938683629036, 0.08037640899419785, -0.22538356482982635, -0.0925612822175026, 0.09008950740098953, 0.3788101375102997, 0.039842233061790466, 0.30536746978759766, 0.004173655994236469, 0.0473233237862587, 0.24931134283542633, 0.20107880234718323, -0.013743532821536064, -0.20524320006370544, -0.19065746665000916, 0.2291860729455948, 0.3728455603122711, -0.31033042073249817, -0.03488194942474365, -0.7050946950912476, 0.011099752970039845, -0.8264238834381104, 0.38497617840766907, 0.21424053609371185, 0.055735137313604355, 0.20390132069587708, 0.1357921063899994, 0.06252028048038483, -0.3066726326942444, -0.20570170879364014, -0.10715781152248383, 0.20107094943523407, 0.24107371270656586, 0.01477054599672556, 0.19238854944705963, 0.009290419518947601, -0.36440083384513855, 0.24817363917827606, 0.06968138366937637, 0.030652770772576332, 0.3671756982803345, -0.24775277078151703, -0.2335556149482727, -0.014699086546897888, -0.7627592086791992, 0.2366621494293213, -0.12159372866153717, -0.44994816184043884, -0.17687301337718964, 0.18256188929080963, 0.038073159754276276, 0.05849956348538399, -0.0010200438555330038, 0.3887341618537903, 0.42350372672080994, -0.05872565880417824, 0.2796076238155365, -0.053454022854566574, 0.10839307308197021, 0.8988162279129028, 0.49189484119415283, 0.6027801036834717, 0.23846495151519775, 0.1424182504415512, 0.11969462782144547, -0.0509505458176136, 0.02480243891477585, -0.02509130910038948, -0.5884298086166382, -0.7237487435340881, -0.3197040557861328, 0.37263840436935425, -0.0034627008717507124, 0.027702433988451958, -0.7464756369590759, -0.23179282248020172, -0.36065828800201416, -0.311094731092453, 0.056446295231580734, 0.044829074293375015, 0.06967934221029282, 0.3661636710166931, 0.26880601048469543, -0.5423412919044495, -0.05040125548839569, 0.20435769855976105, 0.36045560240745544, -0.24541723728179932, 0.055750105530023575, 0.5718673467636108, 0.8470849394798279, 0.19365006685256958, 0.3921065032482147, -0.24788230657577515, 0.04754319414496422, -0.07314328849315643, -0.021645916625857353, 0.05214693769812584, 0.39984360337257385, 0.37234264612197876, -0.35218027234077454, -0.028682218864560127, 0.3498952388763428, -0.24451924860477448, 0.09394269436597824, 0.5027498602867126, 0.2249455451965332, -0.9300036430358887, -0.17891369760036469, 0.23086266219615936, 0.06570600718259811, -0.3952838182449341, -0.3717046082019806, -0.35324153304100037, -0.3099939525127411, 0.04184917360544205, 0.04405613988637924, 0.5192995667457581, 0.6449001431465149, -0.003180077066645026, -0.1503269076347351, 0.34278929233551025, -0.06007615104317665, 0.19170209765434265, 0.2821795344352722, 0.11870675534009933, 0.24898412823677063, -0.039274852722883224, 0.2328527718782425, 0.36407262086868286, -0.008308627642691135, -0.1439334750175476, -0.5995371341705322, 0.12490633875131607, -0.20896156132221222, 0.04916128143668175, -0.302155077457428, -0.15740741789340973, 0.6278253197669983, 0.523909330368042, -0.2720819115638733, -0.06522025167942047, -0.04195687174797058, 0.15418998897075653, 0.11513929069042206, 0.24690283834934235, -0.019084464758634567, 0.5948499441146851, 0.026807572692632675, -0.06006006523966789, -0.4276677072048187, -0.13849973678588867, 0.41457438468933105, -1.0595498085021973, -0.007222062908113003, 0.1175808534026146, 0.11749128997325897, 0.22887280583381653, -0.034537192434072495, 0.1951565146446228, -0.653412938117981, 0.05260297283530235, 0.1757410168647766, 0.01751857064664364, -0.2057974487543106, 0.17126144468784332, -0.05999421328306198, -0.15532724559307098, 0.16684238612651825, -0.17575378715991974, -0.09021789580583572, -0.1599815934896469, 0.29780063033103943, 0.40973949432373047, -0.33403193950653076, -0.42777732014656067, 0.008031964302062988, 0.04102376103401184, 0.7327832579612732, 0.23711924254894257, -0.08780452609062195, -0.20508617162704468, 0.4501338601112366, 0.29276829957962036, 0.2044752687215805, 0.22566558420658112, -0.15598060190677643, -0.04985866695642471, 0.19335277378559113, 0.37064728140830994, 0.3586692810058594, 0.2195335477590561, 0.07178383320569992, 0.2643488347530365, -0.2925516664981842, 0.30452004075050354, -0.2438298910856247, 0.21532493829727173, 0.02484844997525215, -0.07967863976955414, 0.5519661903381348]]"
47," Đại lý Nga
Kiốt 6+7, Chợ Trung Tâm - Cao Bằng
Thời gian: 8h30 - 21h30 (Kể cả CN và ngày lễ)
Điện thoại: 0986-821-169
Xem bản đồ
Xem showroom
 Đại lý Toàn Văn Long
Địa chỉ: Số 77 Đường Tam Thanh - P.Tam Thanh - TP Lạng Sơn
Thời gian: 8h30 - 21h30 (Kể cả CN và ngày lễ)
Xem bản đồ
Xem showroom
 Đại lý Chu Thị Lạng
Số 10B đường Nguyễn Du, Phường Vĩnh Trại, Tp Lạng Sơn - Lạng Sơn
Thời gian: 8h30 - 21h30 (Kể cả CN và ngày lễ)","[[0.5911169648170471, 0.07042687386274338, -0.32883724570274353, -0.03562942147254944, 0.1861845999956131, 0.3878212869167328, -0.03594934940338135, 0.5782099366188049, -0.26917219161987305, -0.25178924202919006, 0.34316614270210266, 0.2612362504005432, -0.028151700273156166, 0.0637374222278595, 0.13447760045528412, 0.16109566390514374, -0.018519902601838112, 0.09686723351478577, -0.3022683262825012, -0.31401872634887695, 0.13232819736003876, 0.40323129296302795, -0.07407505810260773, -0.005710175260901451, -0.972465991973877, -0.19942355155944824, 0.5734149813652039, 0.7087150812149048, 0.05743027850985527, -0.09079791605472565, 0.2736992835998535, -0.08698815107345581, 0.6150568127632141, 0.3520630896091461, 0.4146447777748108, 0.07682962715625763, -0.10205075889825821, 0.2526140809059143, -0.2726494073867798, 0.014833992347121239, 0.08699073642492294, -0.3819224238395691, -0.06810332089662552, 0.11869942396879196, 0.05394718050956726, 0.21455620229244232, 0.1805974394083023, -0.3628520965576172, -0.36105626821517944, 0.19805528223514557, -0.16801339387893677, 0.009815857745707035, 0.08603651821613312, 0.38387438654899597, -0.14330144226551056, 0.0584329254925251, -0.3800492584705353, 0.21782205998897552, 0.18752889335155487, -0.06183382496237755, 0.27543309330940247, -0.1301090121269226, 0.09409675002098083, -0.2632724642753601, 0.40368229150772095, -0.2617417275905609, -0.11935435235500336, -0.10567008703947067, 0.2882080376148224, -0.0677901953458786, -0.08567177504301071, -0.04544784873723984, -0.12700486183166504, 0.1337791085243225, -0.2543720006942749, 0.4218301475048065, -0.2786351442337036, -0.16302642226219177, 0.199686661362648, -0.295683890581131, 0.4675680994987488, 0.1289653778076172, -0.14333441853523254, -0.03182818740606308, -0.0225725919008255, 0.3187941610813141, -0.04258905351161957, -2.018202212639153e-05, -0.08316536992788315, 0.14627736806869507, 0.14261722564697266, 0.24004441499710083, -0.3457835614681244, 0.1752738505601883, -0.04558801278471947, 0.12730000913143158, -0.043514709919691086, 0.21462328732013702, -0.05785783380270004, -0.0896727666258812, 0.1553465723991394, 0.6121743321418762, 0.3752429187297821, -0.13375942409038544, -0.32077890634536743, -0.2136150449514389, -0.12735605239868164, 0.026312142610549927, -0.11308327317237854, -0.14410722255706787, -0.1033119261264801, 0.1462075114250183, -0.2610282599925995, -0.09088331460952759, -0.6001697182655334, 0.004767777863889933, -0.07256486266851425, 0.14031092822551727, -0.1790286898612976, 0.3462256193161011, 0.059719763696193695, -0.44116154313087463, -0.036548301577568054, -0.4583086371421814, -0.4414204955101013, 0.13196122646331787, 0.09573166817426682, 0.41616928577423096, -0.18425264954566956, 0.02901867963373661, 0.6816049814224243, 0.25036701560020447, 0.6158186793327332, -0.16392111778259277, -0.6339603662490845, -0.4513489305973053, -0.07750315964221954, -0.009173176251351833, -0.47596749663352966, 0.04618392512202263, -0.01577162928879261, 0.9377679228782654, -0.0892949253320694, -0.6892026662826538, 0.005825371947139502, 0.3304900825023651, 0.1386343538761139, 0.8652032613754272, 0.026990801095962524, 0.36668533086776733, 0.8311821818351746, 0.0354674756526947, 0.10517220944166183, 0.1763290911912918, -0.10729537159204483, -0.15028101205825806, -0.003151228651404381, -0.23143711686134338, 0.0762796625494957, -0.050910938531160355, 0.17475424706935883, 0.2133854776620865, -0.13085249066352844, -0.008297775872051716, 0.301257461309433, -0.08909446001052856, -0.12742969393730164, -0.02099386602640152, 0.3629414737224579, -0.039924271404743195, 0.08632325381040573, -0.11103959381580353, 0.18167100846767426, -0.2020868957042694, 1.0128862857818604, 0.03922225534915924, 0.7912757396697998, 0.4451855719089508, 0.6540911197662354, 0.533787727355957, -0.04909413307905197, 0.07703889161348343, 0.1173212081193924, 0.19877684116363525, -0.5496073961257935, -0.005547669716179371, -0.019124120473861694, -0.37772050499916077, 0.005134644918143749, -0.04729669168591499, 0.20208965241909027, -0.563564121723175, 0.5232986211776733, -0.014143934473395348, 0.20509406924247742, 0.04351573809981346, -0.07145819067955017, -0.39527392387390137, 0.1291971355676651, -0.03439437225461006, 0.19790996611118317, 0.0038299839943647385, 0.3741380274295807, 0.0066395471803843975, 0.3401811122894287, 0.09102180600166321, -0.2543174922466278, 0.08338811248540878, 0.09550989419221878, -0.060175299644470215, -0.2902764081954956, 0.10465113818645477, 0.5733010768890381, 0.323379248380661, 0.06836613267660141, -0.17278708517551422, 0.36418813467025757, 0.6457268595695496, -0.0983579084277153, 0.1428334265947342, 0.163075253367424, 0.5011388063430786, -0.09279059618711472, 0.4499514698982239, 0.2614975571632385, -0.5909488797187805, 0.6639071106910706, 0.29666393995285034, 0.7280056476593018, -0.060871969908475876, -0.25469908118247986, 0.11310461908578873, 0.1124112457036972, -0.0621902234852314, 0.1056923195719719, -0.08066941797733307, -0.6806920170783997, -0.026428356766700745, -0.3186701834201813, -0.40630531311035156, -0.7889085412025452, -0.18642529845237732, 0.1855843961238861, -0.14629656076431274, 0.17143432796001434, 0.10233005881309509, 0.049425721168518066, -0.18266993761062622, 0.37636637687683105, 0.12530799210071564, 0.02157386764883995, 0.2082802802324295, -0.5439847707748413, -0.13762614130973816, 0.48722076416015625, -0.2951757311820984, 0.5430111289024353, 0.03699522092938423, -0.08983787149190903, -0.09742489457130432, -0.19884654879570007, -0.20830123126506805, 0.38929295539855957, 0.6569635272026062, 0.2417561262845993, 0.17744457721710205, 0.35818716883659363, 0.4683077931404114, 0.4678437411785126, 0.44102364778518677, -0.12425065785646439, 0.21110880374908447, -0.4824855327606201, 0.27428433299064636, -0.3585156798362732, -0.011088233441114426, -0.05169467628002167, 0.06451594084501266, -0.38436180353164673, -0.12132932990789413, 0.26722830533981323, -0.05368203669786453, 0.06066342070698738, 0.059890758246183395, 0.10364535450935364, 0.14579525589942932, 0.015367659740149975, -0.23168686032295227, -0.23086869716644287, 0.1830732375383377, -0.5308690667152405, -0.06299027800559998, -0.5941342115402222, -0.6644794344902039, 0.705131471157074, -0.20114438235759735, -0.1369599997997284, 0.06865641474723816, 0.22993819415569305, -0.03591589629650116, 0.4284513592720032, -0.06559544801712036, 0.3736148178577423, 0.07292157411575317, -0.32393941283226013, 0.2089509665966034, 0.28123387694358826, 0.2703356444835663, -0.37650689482688904, 0.350430965423584, 0.2729458808898926, -0.11376209557056427, -0.04269615560770035, -0.08972334861755371, -0.19705335795879364, 0.14607061445713043, -0.4011852741241455, -0.18923363089561462, 0.05135215073823929, 0.22954940795898438, -0.16211478412151337, 0.4470638334751129, -0.34730008244514465, 0.28053268790245056, -0.4744122326374054, 0.02148396521806717, 0.11088147014379501, -0.0913766473531723, -0.30158719420433044, 0.0974380299448967, 0.04921472817659378, 0.2980005741119385, 0.29246440529823303, 0.6039641499519348, 0.2165764719247818, 0.2238171398639679, -0.21218091249465942, 0.04318944364786148, 0.5014486312866211, 0.035508643835783005, -0.580062210559845, -0.2957081198692322, -0.03471839800477028, -0.0015790502075105906, -0.03634799271821976, -0.39016422629356384, 0.025617172941565514, -0.08474043756723404, -0.23977376520633698, -0.23913933336734772, -0.2786213457584381, 0.228026881814003, -0.12175474315881729, 0.3063867390155792, 0.5276002287864685, -0.03748491033911705, 0.0844426080584526, 0.12732480466365814, 0.08168300986289978, 0.01236722432076931, 0.35699599981307983, 0.08188026398420334, -0.16566389799118042, 0.3413446247577667, -0.07341291755437851, -0.455711305141449, 0.25847044587135315, -0.09408099204301834, 0.025757838040590286, 1.1548842191696167, 0.23759973049163818, -0.619490385055542, 0.17151303589344025, 0.14347109198570251, 0.08374087512493134, 0.21489951014518738, 0.16325582563877106, -0.17479771375656128, 0.09080018103122711, 0.06885665655136108, -0.4140339195728302, -0.047668423503637314, -0.04628155753016472, 0.1533643901348114, -0.11727234721183777, 0.053852591663599014, 0.23482175171375275, -0.11858169734477997, -0.20038828253746033, -0.21214690804481506, -0.13940352201461792, -0.1851138472557068, -0.37641558051109314, 0.24223758280277252, 0.0018998916493728757, 0.38615480065345764, -0.08106778562068939, -0.03514287993311882, -0.12172283232212067, 0.5523011684417725, -0.2734837234020233, 0.30499163269996643, 0.32308921217918396, 0.565984308719635, -0.12426500767469406, -0.3193132281303406, -0.4705239236354828, 0.07035431265830994, -0.3042050898075104, -0.19404031336307526, 0.8321113586425781, -0.49273037910461426, -0.07730244100093842, 0.0031179573852568865, -0.30272966623306274, -0.30201390385627747, 0.1314859688282013, -0.09555341303348541, 0.17091526091098785, 0.3117203712463379, 0.1492992341518402, -0.11033503711223602, 0.22731360793113708, 0.8308413028717041, 0.43351224064826965, 0.21992874145507812, 0.11239735037088394, -0.5187575817108154, 0.016027815639972687, 0.21910583972930908, 0.2890523672103882, -0.1608031839132309, 0.14046527445316315, -0.17843271791934967, 0.5128530263900757, -0.24121542274951935, -0.23892906308174133, -0.01756741851568222, 0.19599546492099762, 0.006382091902196407, 0.04305734112858772, 0.06003258377313614, 0.12298714369535446, -0.249663844704628, -0.4184959828853607, 0.93975830078125, -0.19538366794586182, -0.00774479890242219, 0.8996155858039856, 0.2784293591976166, 0.20159846544265747, -0.38536474108695984, 0.09551834315061569, 0.14848758280277252, -0.2747502326965332, -0.36478009819984436, 0.1848018616437912, 0.23254358768463135, 0.20174971222877502, 0.2002321481704712, 0.05870646983385086, 0.4752418100833893, -0.18782931566238403, 0.22000300884246826, -0.2878117561340332, -0.31764066219329834, -0.5053901076316833, 0.15563811361789703, 0.43589890003204346, 0.018860768526792526, 0.15346422791481018, 0.09466759860515594, -0.11664020270109177, -0.33547818660736084, 0.002358828904107213, -0.11415468901395798, 0.12479723244905472, -0.6741625666618347, -0.46196767687797546, -0.3930247724056244, -0.33469733595848083, -0.3205820322036743, -0.15448078513145447, -0.030684225261211395, 0.5427747368812561, 0.06588166207075119, 0.015574954450130463, 0.1979037970304489, -0.0349857397377491, 0.36555951833724976, 0.4016864597797394, -0.008980508893728256, 0.3003323972225189, -0.3984716832637787, -0.553203821182251, -0.07019701600074768, -0.42881712317466736, 0.6056802272796631, 0.2003720998764038, -0.4511755108833313, 0.2819668650627136, 0.10908925533294678, 0.5605989694595337, 0.5773261785507202, 0.5955446362495422, -0.23277068138122559, -0.38236290216445923, 0.3915160894393921, 0.10205341875553131, -0.11800801753997803, -0.29277312755584717, -0.34663116931915283, -0.10585182160139084, -0.13873037695884705, -0.1099516749382019, -0.10165554285049438, -0.17136335372924805, -0.10707034170627594, 0.09991857409477234, -0.19465193152427673, -0.39632129669189453, -0.19750936329364777, -0.21707038581371307, 0.15307267010211945, -0.2756843864917755, 0.06548059731721878, 0.21521249413490295, 0.13751697540283203, -0.012273172847926617, -0.0030422790441662073, -0.3028659522533417, 0.08796968311071396, 0.1530572921037674, 0.10278111696243286, 0.3953898251056671, 0.08194327354431152, 0.41228681802749634, -0.14508302509784698, 0.7145525813102722, -0.33513903617858887, -0.06223805248737335, -0.2703644335269928, 0.030904458835721016, -0.195973739027977, 0.15860480070114136, -0.3302862346172333, 0.5682220458984375, -0.07701760530471802, 0.3154355585575104, 0.20418497920036316, -0.012144639156758785, -0.07855859398841858, -0.17970971763134003, -0.375590980052948, 0.41696852445602417, 0.20448137819766998, -0.6313279867172241, 0.09716860204935074, -0.003907401114702225, 0.09668740630149841, 0.16721321642398834, -0.17812560498714447, 0.09187178313732147, -0.2047441154718399, -0.36360982060432434, 0.27626359462738037, -0.2856892943382263, 0.33343005180358887, -0.12067701667547226, -0.630265474319458, 0.30954474210739136, -0.03382338583469391, 0.27633461356163025, -0.21693727374076843, 0.4460645318031311, -0.6549253463745117, 0.5396465063095093, -0.32169899344444275, 0.06933332979679108, 0.24898761510849, 0.25538936257362366, 0.10734415054321289, 0.12076064199209213, 0.03492676094174385, -0.43183693289756775, 0.37969571352005005, -0.4622456729412079, 0.11781792342662811, -0.5123798251152039, 0.3739965558052063, 0.05752495676279068, 0.011335693299770355, -0.22184643149375916, 0.421989768743515, -0.09029272198677063, -0.05305687338113785, 0.5206907987594604, 0.2907424569129944, 0.7114691138267517, 0.3056284785270691, 0.26827794313430786, -0.18699359893798828, 0.3121335208415985, -0.22968167066574097, 0.2123039811849594, 0.1921929568052292, 0.21854642033576965, 0.13452480733394623, -0.16311004757881165, -0.7672950625419617, -0.08026311546564102, -0.7959575653076172, 0.16327597200870514, -0.20843000710010529, -0.11144816130399704, -0.3246317207813263, -0.43042126297950745, -0.17340564727783203, -0.2369646430015564, 0.0583079494535923, 0.7220383286476135, 0.003723462577909231, 0.8084558844566345, 0.0763348713517189, -0.00975107867270708, 0.5793183445930481, 0.1664535403251648, -0.22689445316791534, 0.06999234110116959, -0.10512787848711014, -0.4141719341278076, 0.06418421119451523, -0.059599678963422775, 0.199141725897789, 0.1717415452003479, 0.11071046441793442, 0.014760387130081654, 0.2975202202796936, 0.2657128870487213, -0.13726139068603516, 0.23839929699897766, -0.1493115872144699, 0.11367074400186539, 0.023735258728265762, 0.09169650822877884, 0.22723998129367828, -0.12326513230800629, -0.21504992246627808, -0.30417218804359436, 0.03802052140235901, 0.6471760272979736, 0.08474517613649368, 0.028427401557564735, -0.21980203688144684, 0.15715551376342773, -0.6427696347236633, 0.06068963184952736, 0.2736203074455261, -0.0003733795019797981, 0.035929590463638306, -0.20618999004364014, 0.11448997259140015, -0.42808836698532104, -0.3721069395542145, 0.033318329602479935, -0.5473114848136902, 0.09590192139148712, -0.15020900964736938, 0.6574727296829224, 0.08404115587472916, 0.123066745698452, 0.20370441675186157, 0.10863074660301208, 0.2621833086013794, 0.2177821397781372, 0.16188430786132812, -0.38618820905685425, 0.06910381466150284, -0.3289487361907959, -0.25539639592170715, -0.21255972981452942, -0.25259655714035034, 0.2287156581878662, -0.7790852189064026, 0.1326204091310501, 0.595271110534668, 0.38101714849472046, -0.3847288489341736, 0.1544266641139984, -0.3520474135875702, 0.07476508617401123, -0.044926829636096954, 0.129778191447258, -0.15026196837425232, 0.5381903648376465, 0.43197154998779297, -0.16128696501255035, 0.1056755855679512, -0.3494066596031189, 0.1785007268190384, 0.0804513469338417, 0.09186380356550217, 0.144730344414711, 0.003635892877355218, -0.2512510418891907, 0.07002909481525421, 0.07817883044481277, -0.3330070674419403, -0.5081029534339905, 0.12062066048383713, 0.03566423058509827, -0.10203833132982254, -0.05034879222512245, -0.08652886748313904, -0.24892714619636536, 0.028843499720096588, 0.05508657172322273, 0.2837955951690674, -0.40458205342292786, 0.4740043580532074, -0.23361019790172577, -0.23690183460712433, 0.06184208765625954, 0.12477937340736389, 0.08873748779296875, 0.1053447499871254, 0.10844545811414719, -0.01660013385117054, 0.1814059466123581, -0.5428838133811951, -0.1700560748577118, 0.2842557430267334, 0.4026499390602112, 0.06581128388643265, 0.1736096888780594, -0.3038915693759918, -0.29076462984085083, 0.38923972845077515, -0.06202400103211403, -0.002786631230264902, 0.34705430269241333, 0.891630232334137, -0.04244416952133179, -0.3025655150413513, 0.31384092569351196, 0.1463090479373932, -0.20112311840057373, 0.096805140376091, 0.04270637407898903, -0.26747947931289673, 0.33181944489479065, -0.10791327804327011, -0.14738589525222778, 0.20626507699489594, 0.22776779532432556, 0.06492442637681961, 0.6606014966964722, -0.06707730144262314, 0.4026722013950348, 0.1390034258365631, 0.5638113617897034, 0.03768168017268181, 0.22276537120342255, -0.07410123944282532, 0.15078367292881012, 0.37947338819503784, -0.3346470892429352, -0.17462289333343506]]"
